meter,0,1,2,3,4,5,6,7,8,9,10,11,12,13,14,15,16,17,18,19,20,21,22,23,cluster
BR02,0.9176494954492629,0.8069129779424455,0.7746033207147706,0.7494735873154679,0.6950718567697246,0.5296574578006881,0.747264379983661,1.0571057082695692,0.962938245751303,1.3155829660909688,1.566327998251044,1.6094075412212774,1.9758598073847355,1.6265288980427803,1.3663947347225258,0.6064274125809754,0.4307954297023323,0.5097745918144265,0.4244439586233876,0.9298001357742005,1.0637333302649896,1.119791966309588,1.2421268223083917,0.9723273769114821,0
BR04,1.0350752167096415,0.9254052373116342,0.8563777636687959,0.8547710673732676,0.8020956157058882,0.7394690127887843,0.698610553230453,0.7055469893880301,0.8074167174158104,0.9794196025586206,1.1557761163731854,1.1668156747908487,1.1026342044909754,1.0505547853203243,1.0658356764320978,1.1162652085465878,1.180895862757039,1.0855565777368905,1.0588214969053822,1.0907221927085358,1.1220009415585819,1.132237151828481,1.1105294755345938,1.1571668588655515,1
BR05,1.2298529080314946,1.0540962951741566,0.997786785000388,1.0200445598879722,0.9833325327825543,0.8764774780433553,0.8005704848012356,0.9294172852460953,1.1019815479203536,0.8043835697421363,0.6678219230215002,0.7355706880179717,0.7761844764582648,0.8045609225300853,0.7453250913551599,0.7808843253389101,0.6319079834618525,0.6307551903401848,0.9070708339645367,1.059594231600572,1.395323059187798,1.8356013552708876,1.7999534448931631,1.4315030279293692,1
BR06,0.7504991004698637,0.6295690608725976,0.6104314100562368,0.5840907905942057,0.558943190845592,0.559956809098345,0.6292192280243022,0.8506589359587242,1.4890814589151034,1.4854575494096849,1.1443570672121965,1.1358175576845777,1.112342876556658,1.3833018726709345,1.8366134834774057,1.5316982758959,1.1541030515627828,0.7501761778406679,0.6644716150448307,0.8073334832083036,1.1797305502186735,1.1470570591951939,1.0172107670029136,0.9878786281843059,0
BR08,0.4853363045990869,0.4761564238377555,0.5396173386660901,0.4577966623150927,0.45360584718491964,0.5240514538968759,2.063677107672351,3.3875755635565383,1.426274082635557,1.211345135245254,0.9082095074960711,0.67412254808212,0.447219843177037,0.5992865636147443,0.7553445365573783,0.7651231051944488,1.0774386137049632,1.1927858110973448,1.5747486758188303,1.2159350756259195,1.0578814764308222,1.0794342399574264,1.0043986928648045,0.6226353907685656,0
BR09,0.7107107849630435,0.6752324688054681,0.6728163827588949,0.659591490714494,0.744408827191565,1.1737091689405783,0.8451214666066178,1.0465467454367237,1.3905211010146503,1.2206321032135006,1.288409674941055,1.122208387421517,1.358730495138687,0.9464699181391899,0.9624923835006757,0.9515564150793441,1.141409913370599,1.1278035340556865,1.1478951969692954,1.1740906562110898,1.0816435743237873,0.9716480779929532,0.8068455771319575,0.7795056560786288,0
BR11,0.6698276763896178,0.6671131302311567,0.6498709338807728,0.6580038429247,0.6402895515902359,0.6581755138280018,0.7375840360365837,1.1120841115896638,1.094702432630347,1.7300457163191971,1.270772402829351,0.9973864893210863,0.947945269170141,0.9879231307765693,1.0613982773897797,0.9909595598787216,1.0932646888151936,1.0697243161999217,1.133328385873273,1.1846472565290826,1.191793057879024,1.294044539658214,1.2750534459804421,0.8840622342789242,0
BR12,0.23484760327619392,0.22038222262006,0.20971221411627805,0.20434140446672336,0.21257664592937386,0.4669739963299468,1.13270375509108,1.8710110549165289,2.2954840442196662,1.6845723492816544,1.3042116099001924,1.1713019737725463,1.4942308553014367,1.443387190618986,0.9736203732712707,0.9642035536857182,0.7736114219218548,0.8769457995792866,1.0555073177281475,1.2841963926061855,1.4000268540482477,1.3766817347715168,0.9185874770621673,0.4308821554849394,0
BR13,0.22491467461574038,0.2825207025882877,0.30192526475344256,0.28661226997593,0.3170762172581772,0.3572221903389046,0.30779929714164184,0.5819343121136726,0.8552591157218138,0.7001441501051586,0.9646781604150981,1.5797096067436591,1.5771169303792125,1.8795283219509886,2.953868590468538,2.7864789226889566,2.121659988049382,1.4917611631934478,1.3965208173682306,1.155199362633727,0.8798490306158618,0.4815491241277568,0.2787532197462013,0.23791856700616773,0
BR15,0.8671167068007194,0.8417418722340643,0.8420821314974455,0.8176515163866733,0.790634930874204,0.7560560832330866,0.740302079338536,1.3213798363778264,1.5710365644022175,1.265960108854609,1.0695709685125494,0.9625934561054915,0.9469755559162932,1.2393943668661198,1.4224283311204666,1.1010024179673903,0.9424501077133229,0.8789322097216323,0.956783529183257,1.1069229291502236,1.090692562286939,0.8441236870777328,0.7743280056766586,0.8498400427025375,0
BR16,1.7217430323577803,1.7383457147130676,1.7541257416363363,1.6992321882634491,1.5038141297302687,1.1050506057735454,0.7055392132422595,0.6973874457795283,0.5658373635139852,0.5176746273121603,0.44505658872214193,0.5757092286982102,0.7080819663957721,0.7009772149374283,0.5399611108341227,0.3265942065114424,0.3224809293513487,0.5567881537617789,0.8264695617490153,0.9032008774991276,1.1848481826793638,1.5566884379518373,1.6547340080769806,1.689659470509049,1
BR18,0.5482452203572389,0.3862263143722334,0.3264754652091138,0.3022690016487228,0.29552293803353186,0.2852621185852163,0.3070309289065047,0.26632778877451235,0.6223385409039158,3.4959348825344034,3.494517642279111,1.9017663537715122,1.7836252060903537,1.7492146126918589,1.0451863434729,0.7712054573198097,0.653234378469286,1.0335649733795038,1.0134968513645661,1.2064682845251538,0.8288021012948851,0.6074291734182418,0.4844127192588778,0.5914427033385457,0
BR19,1.3237047382225704,1.35285254990947,1.3476067822901627,1.3611797474589993,1.3683225858856882,1.3268333328966229,1.3116410448562918,1.2827919432136485,1.095967152376186,0.8184078754641142,0.7915396930623282,0.8738054873559183,0.7514182176443306,0.7477236460443192,0.7031686847063078,0.6284597304796916,0.6595098535010651,0.7741883078600045,0.8802932598960804,0.8933316913015111,0.8807544262801953,0.9020519283829568,0.8793447244923894,1.0451025964191478,1
BR22,1.624559381630106,1.4298988123586271,1.312904603656157,1.2325298489070384,1.1287688822348463,1.0024145755109595,0.7449697805306102,0.6365147317172429,0.5651492467278687,0.5698854282604444,0.6785088746394142,0.6970957559428115,0.7174929110764376,0.725295331616029,0.939756647976291,1.6631294407183561,1.4556425902001386,1.2939037450039863,0.9242710885060769,0.8855677146783912,0.7973203737373472,0.8401354547918316,0.7684682574974193,1.3658165220815695,1
BR24,1.1806064344507199,1.0748485841509723,0.9942348246814579,0.8858122096497484,0.7479430190643251,0.6402189795092237,0.6150471307130326,0.7800959962989378,1.0073412109412647,1.2234277232685005,0.9521907589104998,0.8844705746284478,0.8062023632823794,0.7185797174084854,0.8541033598704626,1.1106008443047977,1.0118102434604928,0.8598168745301386,0.8351030321722535,0.9515523256934671,1.2412298321028588,1.4389313183106194,1.7146280625325288,1.471204580064383,1
BR27,1.311687227017089,1.3079041382239012,1.2971477439686436,1.300620280696719,1.2706378904104112,1.0841090273015261,0.8140981226892398,0.8298515819922151,0.7886893173618602,0.7169517903208921,0.9840830303294089,0.9634454340023928,0.8542722671124188,0.8289199257968779,0.86446402124929,0.9314021072839753,0.9893341834304006,0.8652262854091113,0.7902703096933418,0.7969330630902991,0.8697434063562011,1.0005140577744476,1.2483063737282367,1.2913884147611046,1
BR28,0.9072970523458669,0.8855829330027379,0.8956135037027646,0.9175905968095649,0.9017558194685114,0.9001591930462224,0.8937351196765424,0.9192247909123783,0.9107344951138538,0.9155431582209826,0.9786944291825745,1.0989861422218468,1.18894195323763,1.1496649432493227,1.1919285838393232,1.1637528234459895,1.1722055515639898,1.095360861051238,1.0657199611174508,1.012787099258508,0.9944916388431034,0.9796148373554232,0.9171210008030094,0.9434935125311695,1
BR29,1.1555896898818878,0.9927224064700066,0.9685273753418282,0.9641333566067377,0.9728748472682843,0.9450305463431665,0.8974503985570491,0.8235247570838425,0.8427765171350441,0.9814580787804739,0.9821190434630828,1.0250072729388493,0.8231989294234016,0.7552219700936755,0.7330284517367779,0.7723605050328737,0.8014336417059407,0.8173061034502822,0.9962692732879503,1.2123395589689885,1.3156083086053414,1.4003328096817365,1.4397207191481936,1.381965438994589,1
BR30,1.1314188450180467,1.1076404079623756,0.9750492179809691,0.8867131958875643,0.8737011921688723,0.872511757628787,0.869640708738926,0.8428784315870065,0.8104458328776113,0.7515380619052826,0.7890667723941813,0.9870563545882095,1.0123215848189873,1.0289326533960406,1.0620112381056546,0.9100199606256152,1.003718691895439,1.1853535491632943,1.1332542655583506,1.0697630701082794,1.1277890189215793,1.2462095318823143,1.1939256808487368,1.129039975937876,1
BR31,1.091521881871552,1.132222104007,1.0850742552230463,0.9249076634624104,0.761116387128215,0.7199445517582892,0.6492968892334909,0.5827253125209664,0.5976417653943121,0.7268840036370363,1.1297562405238724,1.3169530079520166,1.1270276210958214,0.9933454811170831,1.1582214678905778,1.122567507364044,1.1367361163941463,1.1597238929089861,1.0290802896266704,1.078774849876805,1.2469521292916452,1.1808386911497564,0.9991058999096356,1.0495819906626194,1
BR32,1.0241497845993144,1.0206644174959567,1.0015931506158646,0.984000837729185,0.9387324347280117,0.9006519549815368,0.5918401557555745,0.4433035316059622,0.8268283633383163,1.1748376145575268,1.5147177899807762,1.3141075059931682,1.1536875382181622,1.3419387311419362,1.3141592176712595,0.8780849786624689,0.6727792743041655,0.7359916296030395,0.8000934257650851,0.9692733518087667,1.2283695437176991,1.1205300102259843,1.0334889136626133,1.0161758438376272,1
BR33,1.0950945874606666,1.0279543253343089,0.9762772736531004,0.9359532113180725,0.9279721994754149,0.9605347277934582,0.5918917907811001,0.746603705351019,1.0234051485839941,1.0998831945662613,0.9953518919570524,0.9512168964671552,1.0148654659123504,1.027275939327683,0.901714670513071,0.6771689023198973,0.7764526896425589,0.8389839174297817,0.9866525890485555,1.1929218401220432,1.1907071093357056,1.243840695678199,1.4087882579363267,1.408488969992227,1
BR34,1.2734319541544539,1.3020920546505657,1.3081106757547492,1.239326434564081,1.1937568747752638,1.1081268634041035,0.5420261894936849,0.4385950712588286,0.40847012118180454,0.50913076303537,0.5000232199888279,0.5879141948435702,0.8097433726834744,0.9563875535552456,0.8348050383395187,0.6765694390448755,0.795190410542671,0.8210481901013852,1.102585910641522,1.5739171855781313,1.6993528920827796,1.6669988230782806,1.4488954583028708,1.2035013089439417,1
BR35,0.798245466048081,0.7091296252481715,0.6828708685231095,0.6435963008301528,0.6032650625957967,0.5390649206365535,0.3978167079857217,0.5258269125921964,0.9006240034563989,0.9731343160753412,1.1295857464690209,1.2414002530577815,1.2524014771990823,1.3187890259332788,1.2364032876937796,0.9199502113958298,0.9022633241094115,1.0295131209431032,1.3449144644124635,1.5805322442933412,1.566622707306786,1.462767793768195,1.2777961341823456,0.9634860252440566,0
BR36,1.0185669772353383,1.0300206334913646,1.0024309404255694,0.9373442230180421,0.944202309947278,0.9201556000814761,0.5400526428705942,0.5021595423058917,0.7730811045191349,0.8848831134303977,1.1472917497006259,1.196893514500527,1.090620295605792,1.1309658133318985,1.1454470111278883,0.9121526900968059,0.8399148978690784,0.8776398016815607,0.9577394356501608,1.1783050605293541,1.298316156089299,1.3309626031250688,1.2545578720036281,1.0862960113632278,1
BR37,1.1122877377114644,1.0890152437290488,1.0749044530738883,1.0566596033610915,1.0805801921126377,1.2426824413369901,0.8871337231448799,0.6248517340012856,1.9015002330113455,1.4407637698658027,1.1834701465209707,0.9361532547736638,0.9357113719765294,0.8605716572282411,0.738445071717987,0.519467596693571,0.5441933940976732,0.6498328414659544,0.8233651257095186,1.0611275294210067,1.0563060971233837,1.0184514708355308,1.065497259303781,1.097028051783754,1
BR38,0.9027687508124271,0.9140777330040298,0.6546210841024308,0.6061354478096973,0.5702586767190954,0.5455608995190434,0.2066813986741194,0.4250617444430002,1.6663200311971926,1.9767320941115305,1.2295593396594309,1.3232809047185754,1.3082022617964386,0.9957103860652543,0.8340049395554402,0.5532302092811648,0.7105160535551801,0.9595736383725466,1.1407773300402966,1.670869621734044,1.4163525282724558,1.3919147276745094,1.1312881840634346,0.8665020148186664,0
BR39,1.539660990507957,1.578171458498545,1.5579579200335778,1.4883582721547552,1.4450117095148862,1.396205040012926,0.792740657924305,0.5328395712887524,0.5801530687100591,0.7098361782223452,0.763456656223129,0.7710339473786845,0.8740405347933239,1.004592804173453,1.0052613886871786,0.7185277769007765,0.5802422133118892,0.5339093065107131,0.5782587459211702,0.7497506736917566,0.9409881307677022,1.0723427015643021,1.3213458606261295,1.4653143925816834,1
BR42,0.0,0.0,0.0,0.0,0.0,0.0,0.0,0.0,0.0,0.0,0.0,0.0,0.0,0.0,0.0,0.0,0.0,0.0,0.0,0.0,0.0,0.0,0.0,0.0,1
BR43,1.2833788901310512,0.9531925852653512,0.9640793917435865,0.9693472013298292,0.950453324280505,0.9140000819437046,0.6485727162582163,0.6592488103530018,0.5390022768643656,0.8163700109453377,1.0756164800496344,1.2076629070114544,1.171279902135804,1.1319469238918576,1.1355992718716528,0.9287499487851846,0.6924711294769065,0.4404591188710498,0.4622327318275202,0.9165286305451013,1.4325632576134482,1.52668145555432,1.5517562291848357,1.628806724066281,1
BR44,0.8199561517081845,0.8662765204481503,0.9162980993319177,0.912458784332004,0.911906364907556,0.8398432509883129,0.31962987898561984,0.4963488528665389,0.6486508881868559,0.7196367842284255,0.9025428556631624,1.251395722202082,1.4994596647504619,1.8316294646710516,1.7688746180537573,1.5577675350009497,1.6035631052876897,1.359863276192449,1.2485507621661749,0.8611113988295613,0.46751255891035265,0.6340117734389836,0.7237799299117856,0.8389317589379738,0
BR45,1.7955586679148716,1.6038008057423028,1.4794309274632744,1.3463607934978712,1.1844726350582815,0.9165862776403888,0.4551607448556089,0.5722896353193143,0.7296641272749953,0.8145683575793344,0.9545876257858502,0.8847641741351059,0.8031357486033694,0.8651999207466586,0.7289344933394694,0.6227903675740614,0.6480960852413714,0.5912852774338689,0.6137328428571877,0.8182718787969007,0.9359844764090268,1.1769649534596283,1.4649892074980366,1.9933699757732177,1
BR46,0.4693079408263901,0.44482230913110016,0.42849855466757353,0.4529841863628635,0.4611460635946268,0.4856316952899167,0.02856657031117157,3.909539194014623,1.6486992008161878,1.6405373235844245,3.5422547185852746,0.9508586975004252,1.1834721986056793,0.9671824519639517,1.2161197075327326,0.6488692399251828,0.4407413705152185,0.681516748852236,0.7835402142492773,0.9141302499574903,0.8610780479510287,0.8488352321033837,0.5958170379187213,0.3958510457405203,0
BR48,1.158463321944561,1.1381136523486912,1.0798668931447746,0.9985349349894778,0.7435302228733622,0.503404121642096,0.5692569868588951,0.7790921044949974,0.9466933176911466,1.0394344348657674,1.2375267923416298,1.2650155263531002,1.2602116699239112,1.1014842470761252,0.8308002813369623,0.6991612711315472,0.6020166188968367,0.6704048527845966,1.1196988693701333,1.3263314160534432,1.33927514032098,1.2544737303001576,1.171006724842999,1.1662028684138102,1
BR49,1.3582533323397794,1.4064854416868267,1.3704717693241009,1.372697026562586,1.313338631023112,1.2545263108795852,1.2475365458114596,1.2075137699168201,1.1471678880363412,0.9706626681812675,0.7689970244579205,0.685270014374297,0.7011608083963643,0.6912131349335238,0.7151630916741136,0.7945169479618589,0.7874498222126406,0.7937160373811362,0.7666124952289506,0.7807103417009907,0.7894657505493462,0.8167786216033115,1.0333521236360204,1.2269404021276462,1
BR50,0.9039771839992109,0.8628492056316726,0.8173569274013922,0.775070067149397,0.7226491546737458,0.7268901692296311,0.7218354716484888,0.7185807395474606,1.1337316818581558,2.267414049593569,1.4061428958896676,1.0960063779598745,0.964806154402518,0.6481108581479259,0.6673187089562664,0.6991263181254057,0.6654201152306668,0.5726849074127345,0.6186210127477006,1.0356705487839957,1.7354132934436872,1.7184985493428888,1.4783387715852023,1.0434868372387378,0
BR51,1.3663959845128215,1.2759425060377694,1.1783885260502753,1.0914209330982685,0.9342986236285336,0.6720340119442677,0.5796292506108345,0.748686229368896,0.892786435874019,0.8051989040972142,1.013007140870935,0.964719665413709,0.6384556860896287,0.7620606472940489,1.1218114860887818,1.2334377386348077,1.1517040554331455,1.0320490869594061,0.9002629658539615,0.7949411185153086,0.9801131190742698,1.0594314122099153,1.2326856816998069,1.5705387906393755,1
BR52,0.38838376984665496,0.33953046546342786,0.3859411046274936,0.30940426109377117,1.0641878138146286,3.6631836070023076,3.7421631157551905,3.7902021983986973,1.5934319446329217,0.5642556656262722,1.021034061609445,0.24670918713529652,0.48446193513366803,0.5422716786538201,0.45514995250373186,0.4999321481883566,0.28253494368299636,1.0389469398832947,0.7621115483783417,0.7262857918306419,0.6977880309404261,0.6008956439136925,0.4575926177228932,0.34360157416203013,0
